Business,Category,Email,Phone,Priority
Maaco Auto Body & Painting Stuart,Auto Body Shop,stuartflmaaco@bellsouth.net,1204650995,High
Signature Property Management,hoa,Ira@signaturepropertymgmt.com,772) 219-4474,High
Professional HOA & COA Services in Martin County,hoa,esposito@macombgov.org,1016146955,High
Coastal Property Management – Stuart & Jupiter – Condominium ...,hoa,susan.palmieri@cpmfl.com,772-600-8900,High
Properties & Communities,hoa,kevin@stewartteam.com,(248) 759-5474,High
Trusted Cleaning Company in Stuart FL,cleaning,ncsnatyka@gmail.com,772-220-7915,High
Florida Investment Properties,real_estate,nabertke@gmail.com,(772) 763-8506,High
Treasure Coast Real Estate,real_estate,John@tccommercialre.com,(772) 288-0632,High
Treasure Coast Realty Group,real_estate,Meluke@treasurecoastrg.com,(772) 288-0632,High
RE/MAX Gold,real_estate,Meconnormckinney.re@gmail.com,973-508-9425,High
Estate Listings on,real_estate,spiersrealestate@gmail.com,(868) 622-2685,High
Luxury Homes of the Treasure Coast,real_estate,Kevin@TradewindRe.com,800-274-6637,High
Treasure Coast Fl. Real Estate Articles,real_estate,John@tccommericalre.com,(772) 288-0632,High
Wallace Chevrolet,auto_shop,ewallace@wallacechev.com,772-286-0155,High
Martin County Condo & Homeowners Association Attorneys,apartment_complex,jeanette.m.lugo@gmail.com,(772) 293-0352,High
Beau Rivage Estates HOA,apartment_complex,fenglund@bellsouth.net,1313679510,High
"The Landings of Martin County | HOA in Stuart, FL",apartment_complex,tkryzda@martin.fl.us,(772) 288-5939,High
Master Association - Welcome to Hammock Creek,apartment_complex,Master.HammockCreek@gmail.com,772-334-8900,High
Community Association - Reblawpa,apartment_complex,jee@reblawpa.com,(772) 287-8045,High
Treasure Coast Senior Living Communities,healthcare,faithmarie@tc-seniorliving.com,(954) 549-7566,High
JD Treasure Coast ALF in Florida - Oasis Senior Advisors,healthcare,jlibratore@youroasisadvisor.com,(772) 214-0806,High
Castlewood Assisted Living Residence,healthcare,brittanyf.cal@outlook.com,(605) 793-2234,High
Independent Living - CarePatrol of The Treasure Coast,healthcare,lvelez@carepatrol.com,(321) 273-2424,High
Martin North Hospital | Cleveland Clinic,healthcare,roiwestonfl@ccf.org,(772) 287-5200,High
Martin North Hospital | Cleveland Clinic Florida,healthcare,PHPPRcontactus@providence.org,(772) 287-5200,High
"Cleveland Clinic Martin Health-Stuart in Stuart, FL - Health US News",healthcare,singhr@ccf.org,(772) 223-2300,High
Cleveland Clinic Martin North Hospital - Medicare,healthcare,PHPPRcontactus@providence.org,772.287.5200,High
Treasure Coast Auto Spa: Treasure Coast Auto Detailing,detailing,ceramicprotcas@treasurecoastautospa.com,(772) 204-1286,High
Lio's Quality detailing,detailing,liosqdllc@gmail.com,(772) 348-9559,High
Florida Finest Detailing: Home,detailing,ffdetailing77@gmail.com,772-377-0077,High
"Ceramic Coating Experts | Best Auto Detailing in Port St Lucie, Fort ...",detailing,showtimedetailing28@gmail.com,2006217259,High
"Caterer Service in Treasure Coast, FL | Corporate Caterers - Menu",restaurant,joe.stellato@gmail.com,772 286-0877,High
"Purple Olive: Catering Service | Saint Augustine, FL",restaurant,purpleolive2004@gmail.com,(904) 461-1250,High
MonkMobileDetailing: HOME,detailing,monkmobiledetailing@gmail.com,(772) 202-8871,High
Tony's Showroom Finish Detailing: Top Car Detailing Services in ...,detailing,Stuart@auto-genie.co.uk,(772) 882-5877,High
Treasure Coast Realtors | Homes & Real Estate in Florida,real_estate,themazurssell@aol.com,(772) 286-1900,High
"Bathroom Remodeling | Stuart, FL",bathroom,isaac@tileanddecorusa.com,(772)-946-1986,High
"Bathroom Remodeling Services | Stuart & Port St. Lucie, FL",bathroom,isaac@tileanddecorusa.com,(772) 453-0909,High
Waterfront Stuart,restaurant,waterfront@sandcrg.com,(772) 288-1881,High
"Bathroom Remodelers​ Stuart, FL | Adamo Painting",bathroom,davidadamo779@gmail.com,(862) 344-4286,High
