Business,Contact,Metro,City,State,Category,Email,Phone,Website
"#1 Roofing Company In Stuart, FL | Top-Notch Roofer",NEEDS_ENRICHMENT,Stuart,Stuart,FL,roofing,info@foxhavenroof.com,,https://foxhavenroof.com/services/residential-roofing/stuart/
10 Amazing Bars and Restaurants in Martin County You Have to Try,NEEDS_ENRICHMENT,Stuart,Stuart,FL,restaurant,info@emilyluxton.co.uk,,https://www.emilyluxton.co.uk/usa-martin-county-restaurants/
"10 Best Assisted Living Facilities in St Lucie County, FL",NEEDS_ENRICHMENT,Stuart,Stuart,FL,healthcare,info@aplaceformom.com,(772) 207-7622,https://www.aplaceformom.com/assisted-living/florida/st-lucie-county
"10 Best Gutter Guard Companies in Stuart, FL - Today's Homeowner",NEEDS_ENRICHMENT,Stuart,Stuart,FL,gutter,info@todayshomeowner.com,,https://todayshomeowner.com/near-me/florida/stuart/gutter-guards/
"10 Best Roofers in Stuart, FL 2026 - Porch",,Stuart,Stuart,FL,roofing,,(772) 280-1498,https://porch.com/stuart-fl/roofers/cp
"14 Assisted Living Facilities in Martin County, FL (with Reviews)",NEEDS_ENRICHMENT,Stuart,Stuart,FL,apartments,info@seniorhomes.com,,https://www.seniorhomes.com/florida/martin-county/
"14 Assisted Living Facilities in Vero Beach, FL (with Reviews)",NEEDS_ENRICHMENT,Stuart,Stuart,FL,apartments,info@seniorhomes.com,,https://www.seniorhomes.com/florida/vero-beach/
"15 Best Gutter Companies in Stuart, FL (2025 Reviews) - EcoWatch",NEEDS_ENRICHMENT,Stuart,Stuart,FL,gutter,info@ecowatch.com,,https://www.ecowatch.com/gutters/best-services/fl/stuart
1Fitness,,Stuart,Stuart,FL,gym fitness center,,(772) 380-3860,https://1fitnesstraining.com/
23 Fun Family Restaurants in Stuart + Martin County,NEEDS_ENRICHMENT,Stuart,Stuart,FL,restaurant,info@treasurecoastmom.com,,https://treasurecoastmom.com/fun-family-restaurants-in-stuart-and-martin-county/
"24 Best Property Manager Companies in Stuart, FL - KeyCrew",NEEDS_ENRICHMENT,Stuart,Stuart,FL,property_mgmt,contact@keycrew.co,,https://keycrew.co/providers/property-manager/fl/stuart/
"3 Best Assisted Living Communities in Fort Pierce South, Florida",,Stuart,Stuart,FL,apartments,,,https://health.usnews.com/best-senior-living/assisted-living/florida/fort-pierce-south
"3776 SE Dixie Hwy Stuart, FL 34997",NEEDS_ENRICHMENT,Stuart,Stuart,FL,auto,info@autodentrepair.co,,http://autodentrepair.co/evans%2520auto%2520body.htm
"4 Best Assisted Living Communities in Jensen Beach, Florida - Health",,Stuart,Stuart,FL,apartments,,3493467007,https://health.usnews.com/best-senior-living/assisted-living/florida/jensen-beach
55+ Active Adult Communities in Treasure Coast - Del Webb,NEEDS_ENRICHMENT,Stuart,Stuart,FL,apartments,info@delwebb.com,,https://www.delwebb.com/homes/florida/treasure-coast
69 Best Casual Restaurants in Stuart | OpenTable,NEEDS_ENRICHMENT,Stuart,Stuart,FL,restaurant,info@opentable.com,,https://www.opentable.com/features/best-casual-restaurants-stuart-fl
APP Jet Center,,Stuart,Stuart,FL,aircraft hangar,,,https://appjetcenter.com/
About Our Gym,,Stuart,Stuart,FL,gym fitness center,,(772) 872-6240,https://thefitnesssuitefl.com/about-us/
"About TK Gutters | Martin County, FL",NEEDS_ENRICHMENT,Stuart,Stuart,FL,gutter,info@tkgutters.com,,https://www.tkgutters.com/about
About Us,V4_NO_DATA,Stuart,Stuart,FL,brewery taproom,,,https://www.fraziercreekstuartfla.com/about-us
"Agler Kitchen, Bath & Floors: Flooring store in Stuart, FL",NEEDS_ENRICHMENT,Stuart,Stuart,FL,kitchen,info@aglerinteriors.com,,https://www.aglerinteriors.com/
Air Conditioning Repair and AC Installation,,Stuart,Stuart,FL,HVAC contractor,,,https://www.kciac.com/
All About Gutters Florida,,Stuart,Stuart,FL,gutter installation,,(772) 206-0020,https://gutterslocal.com/
"All Dealers in Stuart, FL 34997",NEEDS_ENRICHMENT,Stuart,Stuart,FL,auto_shop,sales@jldauto.net,(772) 288-2099,https://www.autotrader.com/car-dealers/stuart-fl
"Apartments For Rent in Stuart, FL",NEEDS_ENRICHMENT,Stuart,Stuart,FL,apartments,info@rent.com,,https://www.rent.com/florida/stuart-apartments
"Apartments for Rent in Stuart, FL - Homes.com",NEEDS_ENRICHMENT,Stuart,Stuart,FL,apartments,info@homes.com,,https://www.homes.com/stuart-fl/apartments-for-rent/
"Apartments for Rent in Stuart, FL - New Listings Daily - RentCafe",NEEDS_ENRICHMENT,Stuart,Stuart,FL,apartments,info@rentcafe.com,,https://www.rentcafe.com/apartments-for-rent/us/fl/stuart/
"Apartments in Stuart, FL",,Stuart,Stuart,FL,apartment complex manager,,,https://www.masonstuart.com/
Assisted Living - CarePatrol of The Treasure Coast,NEEDS_ENRICHMENT,Stuart,Stuart,FL,apartments,info@carepatrol.com,,https://carepatrol.com/the-treasure-coast/services/assisted-living/
Atlantic Aviation,,Stuart,Stuart,FL,aircraft hangar,,(772) 781-4720,https://business.stuartmartinchamber.org/members/member/atlantic-aviation-stuart-llc-5018
Auto Detailing Specialist,,Stuart,Stuart,FL,car wash owner,,(772) 692-2412,https://www.washnwaxwiz.com/
Auto Repair in Stuart | Caliber Collision,NEEDS_ENRICHMENT,Stuart,Stuart,FL,auto,admin@caliber.com,,https://www.caliber.com/find-a-location/stuart
Avant-garde Management : Contact,V4_NO_DATA,Stuart,Stuart,FL,HOA property management,,(772) 320-9617,http://www.avantgardemgmt.com/contact.html
B & S Auto Detailing LLC: Superior Auto Detailing Services in Stuart ...,NEEDS_ENRICHMENT,Stuart,Stuart,FL,detailing,info@bnsautodetailing.com,,https://bnsautodetailing.com/
"B&B Mobile Detailing - Stuart - Book Online - Prices, Reviews, Photos",NEEDS_ENRICHMENT,Stuart,Stuart,FL,detailing,info@booksy.com,,https://booksy.com/en-us/1531684_b-b-mobile-detailing_other_15884_stuart
"Bathroom Remodelers​ Stuart, FL | Adamo Painting",,Stuart,Stuart,FL,bathroom,davidadamo779@gmail.com,(862) 344-4286,https://www.adamopainting.com/services/bathroom-remodelers/
Bathroom Remodeling - Retrofits And Renovations,NEEDS_ENRICHMENT,Stuart,Stuart,FL,bathroom,info@retrofitsandrenovations.com,,https://retrofitsandrenovations.com/remodeling/bathroom-remodeling/
Bathroom Remodeling Contractor,,Stuart,Stuart,FL,bathroom renovation contractor,,(772) 365-4877,https://islandhomesfl.com/bathroom-remodeling-contractor-stuart-fl/
"Bathroom Remodeling Contractor | Stuart, FL | Bobby & Brothers ...",,Stuart,Stuart,FL,bathroom,,(772) 453-0909,https://www.bobbyandbrothershandyman.com/contact/bathroom-remodeling-contractor-service-area/stuart-fl
"Bathroom Remodeling Services | Stuart & Port St. Lucie, FL",,Stuart,Stuart,FL,bathroom,isaac@tileanddecorusa.com,(772) 453-0909,https://bobbyandbrothershandyman.com/bathroom-remodeling
"Bathroom Remodeling Stuart, FL",,Stuart,Stuart,FL,bathroom renovation contractor,,(833) 550-3808,https://stuart-fl.aapaintingremodeling.com/
Bathroom Remodeling in Stuart FL - Home & Beyond Services,NEEDS_ENRICHMENT,Stuart,Stuart,FL,bathroom,info@homeandbeyondfl.com,,https://www.homeandbeyondfl.com/bathrooms
"Bathroom Remodeling in Stuart, FL from Agler Kitchen, Bath & Floors",NEEDS_ENRICHMENT,Stuart,Stuart,FL,bathroom,info@aglerinteriors.com,,https://www.aglerinteriors.com/bathroom-remodeling
"Bathroom Remodeling | Stuart, FL",,Stuart,Stuart,FL,bathroom,isaac@tileanddecorusa.com,(772)-946-1986,https://www.superiortileinteriors.com/complete-bathroom-remodeling
Bayview Construction Services,NEEDS_ENRICHMENT,Stuart,Stuart,FL,construction,info@bayviewconstruction.com,,https://www.bayviewconstruction.com/
Beau Rivage Estates HOA,,Stuart,Stuart,FL,apartment_complex,fenglund@bellsouth.net,1313679510,https://beaurivageestateshoa.org/
"Best Auto Body Shops near Stuart, FL - Carwise.com",NEEDS_ENRICHMENT,Stuart,Stuart,FL,auto,admin@carwise.com,,https://www.carwise.com/auto-body-shops/fl/stuart
"Best Coffee Shop in Stuart, Florida",,Stuart,Stuart,FL,coffee shop cafe,,,https://www.googancoffee.com/
"Best Handyman Services Near Stuart, FL",,Stuart,Stuart,FL,handyman service,,,https://www.mrhandyman.com/vero-beach-jupiter/handyman-services/repair/
Best Realtor & Brokerage for Real Estate Investors on the Treasure ...,NEEDS_ENRICHMENT,Stuart,Stuart,FL,real_estate,info@echofineproperties.com,,https://www.echofineproperties.com/best-realtor-brokerage-for-real-estate-investors-on-the-treasure-coast/
