Business,Contact,Metro,City,State,Category,Email,Phone,Website
"45th Street Warehouse and Industrial Park – 5265 45th Street, Vero Beach, FL 32967 – Glendale Proper",,Vero Beach,Vero Beach,FL,warehouse owner,,,https://glendalevero.com/properties/45th-street-warehouse-and-industrial-park/
ABOUT US,NEEDS_ENRICHMENT,Vero Beach,Vero Beach,FL,auto_shop,info@rtiepoxyfloors.com,,https://www.rtiepoxyfloors.com/about-us
ABOUT US,,Vero Beach,Vero Beach,FL,epoxy flooring contractor,,,https://www.rtiepoxyfloors.com/about-us
AC Repairs and Installation,,Vero Beach,Vero Beach,FL,HVAC contractor,,(772) 539-4014,https://verobeach.seacoastair.com/
About Our Representatives,,Vero Beach,Vero Beach,FL,industrial plant manager,,(954) 427-2206,https://mwipumps.com/mwi-representatives/
American Icon Brewery,,Vero Beach,Vero Beach,FL,brewery taproom,,,https://www.americaniconbrewery.com/home/
"Animal Hospital in Vero Beach, FL",,Vero Beach,Vero Beach,FL,veterinary clinic,,(772) 562-0200,https://www.verobeachveterinary.com/
Atkinson Electric,,Vero Beach,Vero Beach,FL,electrician,,(772) 302-7583,https://atkinsonelectricsouth.com/contact-us
"Auto Detailing Vero Beach, FL",,Vero Beach,Vero Beach,FL,car wash owner,,,https://noh2o.com/auto-detailing-vero-beach/
Barbara Foster Rental & Property Management Specialist,,Vero Beach,Vero Beach,FL,apartment complex manager,,,https://verobeachrentals.org/
"Bathroom Remodel Vero Beach, FL",,Vero Beach,Vero Beach,FL,bathroom renovation contractor,,(772) 202-0350,https://stluciebathremodel.com/bathroom-remodel-vero-beach/
Bathroom Remodeling,,Vero Beach,Vero Beach,FL,bathroom renovation contractor,,(772) 365-4877,https://islandhomesfl.com/bathroom-remodeling-company-in-vero-beach/
Bathroom Remodeling Contractor,,Vero Beach,Vero Beach,FL,bathroom renovation contractor,,(772) 365-4877,https://islandhomesfl.com/bathroom-remodeling-contractor-in-vero-beach/
"Bathroom Remodeling Project #412 – Vero Beach, FL – Island Homes & Renovations.",,Vero Beach,Vero Beach,FL,bathroom renovation contractor,,(772) 365-4877,https://islandhomesfl.com/bathroom-remodeling-project-412-vero-beach-fl/
"Bathroom Remodeling Project #712 – Vero Beach, FL – Island Homes & Renovations.",,Vero Beach,Vero Beach,FL,bathroom renovation contractor,,(772) 365-4877,https://islandhomesfl.com/bathroom-remodeling-project-712-vero-beach-fl/
Belle Shops Ocean Drive,NEEDS_ENRICHMENT,Vero Beach,Vero Beach,FL,retail store owner,Sales@belleshops.com,772.231.1558,https://www.belleshops.com/blogs/store-data/belle-cose-ocean-drive-vero-beach
Belle Shops Village Shops,V4_NO_DATA,Vero Beach,Vero Beach,FL,retail store owner,Sales@belleshops.com,772.231.1554,https://www.belleshops.com/blogs/store-data/belle-cose-vero-beach
"Best 15 Flooring Companies & Installers in Vero Beach, FL",NEEDS_ENRICHMENT,Vero Beach,Vero Beach,FL,auto_shop,info@houzz.com,,https://www.houzz.com/professionals/hardwood-flooring-dealers/vero-beach-fl-us-probr0-bo~t_28349~r_4176409
"Best Daycares in Vero Beach, FL",,Vero Beach,Vero Beach,FL,daycare center,,,https://www.carelulu.com/daycare-preschool/vero-beach-fl
Best Self Storage Units at 5665 US-1 Vero Beach FL,,Vero Beach,Vero Beach,FL,cold storage facility,,,https://www.storagesense.com/location/USA/FL/Vero-Beach/sense-vero-beach-833/
Best Vero Beach HVAC Contractor,,Vero Beach,Vero Beach,FL,HVAC contractor,,772-770-0507,https://www.theczac.com/near-me/vero-beach-fl-hvac-contractor
Bridges Early Learning Center,,Vero Beach,Vero Beach,FL,daycare center,,,https://bridgeselc.org/
Business Directory,NEEDS_ENRICHMENT,Vero Beach,Vero Beach,FL,grocery store manager,customerservice@villagebeachmarket.com,,https://verovine.com/business-directory/village-beach-market/
Business Directory,,Vero Beach,Vero Beach,FL,retail store owner,,772.563.0040,https://verovine.com/business-directory/decorative-arts-inc/
CCVB,,Vero Beach,Vero Beach,FL,church religious facility,church@ccvb.net,772-778-8819,https://ccvb.net/
CONTACT US,,Vero Beach,Vero Beach,FL,HOA property management,,772-675-5005,https://thepreserveofverobeach.com/contact-us/
CUSTOM FABRICATION CONTRACT MANUFACTURING Your One Stop Source Visit,,Vero Beach,Vero Beach,FL,manufacturing plant,programs@itstowers.com,772 567 3423,https://www.willburt.com/wp-content/Contract%20Manufacturing%20Brochure_WEB.pdf
Cabinet Remodeling,,Vero Beach,Vero Beach,FL,cabinet maker,capital32967@aol.com,(772) 794-4660,https://www.capitalcabinets.net/gallery
"Cadillac Dealer in Vero Beach, FL",,Vero Beach,Vero Beach,FL,auto dealership,,,https://www.linuscadillac.com/
Calvetti and Co,,Vero Beach,Vero Beach,FL,salon spa,letstalk@calvettiandco.com,(772) 770-9903,https://calvettiandco.com/contact
Catch everyone's eyewhen you drive by,,Vero Beach,Vero Beach,FL,car wash owner,,(772) 778-4588,https://www.wavesautospa.com/
Chamber Of Commerce,NEEDS_ENRICHMENT,Vero Beach,Vero Beach,FL,retail store owner,info@verochamber.com,,https://www.verochamber.com/
"Cheap Storage Units in Vero Beach, FL (from $14)",,Vero Beach,Vero Beach,FL,cold storage facility,,,https://www.extraspace.com/storage/facilities/us/florida/vero_beach/
"Checkers at 1495 US Highway 1 Vero Beach, FL",,Vero Beach,Vero Beach,FL,fast food franchise,,,https://locations.checkersandrallys.com/fl/vero-beach/1495-us-highway-1
Chevrolet Dealership in Vero Beach FL,,Vero Beach,Vero Beach,FL,auto dealership,,772-202-6984,https://www.dyerchevy.com/
Chez Frenchie's Steaks and Seafood Restaurant,NEEDS_ENRICHMENT,Vero Beach,Vero Beach,FL,restaurant franchise,info@chezfrenchies.com,(772) 234-2809,https://www.chezfrenchies.com/
Chez Frenchie's Steaks and Seafood Restaurant,,Vero Beach,Vero Beach,FL,restaurant owner,,,https://www.chezfrenchies.com/
Childcare Resources of Indian River,,Vero Beach,Vero Beach,FL,daycare center,,,https://www.childcareresourcesir.org/
Church in Vero Beach,,Vero Beach,Vero Beach,FL,church religious facility,,,https://pathwayvb.com/
"Church in Vero Beach, FL",,Vero Beach,Vero Beach,FL,church religious facility,,,https://www.christfellowship.church/locations/vero-beach
City of Vero Beach Information,,Vero Beach,Vero Beach,FL,industrial plant manager,,,https://rocketreach.co/city-of-vero-beach-profile_b444e11dfa7e4ba4
Cleveland Clinic Indian River Hospital,,Vero Beach,Vero Beach,FL,hospital medical facility,,(772) 567-4311,https://business.indianriverchamber.com/list/member/cleveland-clinic-indian-river-hospital-438
"Climate Controlled Storage Southwest Vero Beach, FL in Indian River County: Your Storage Units Vero ",,Vero Beach,Vero Beach,FL,cold storage facility,,,https://www.yourstorageunits.com/self-storage/fl/vero-beach/9th-st-sw/climate-controlled
Clinical Services,,Vero Beach,Vero Beach,FL,hospital medical facility,,(772-770-0935,https://indianriver.floridahealth.gov/programs-and-services/clinical-services/index.html
Coffee House 1420,,Vero Beach,Vero Beach,FL,coffee shop cafe,,(772) 925-1572,https://business.indianriverchamber.com/list/member/coffee-house-1420-5222
Commercial,,Vero Beach,Vero Beach,FL,commercial real estate,,054807 4731,https://www.millscommercial.net/commercial/
Commercial General Contractor in Vero Beach,,Vero Beach,Vero Beach,FL,general contractor,,(772) 905-2727,https://trmconstructionmanagement.com/solutions/commercial-general-contractor-in-vero-beach/
Commercial Property For Sale in Vero Beach,,Vero Beach,Vero Beach,FL,commercial real estate,,800-732-6257,https://www.susiewilsonrealestate.com/Commercial-Property-For-Sale-in-Vero-Beach-6-9974.html
Commercial Real Estate,,Vero Beach,Vero Beach,FL,commercial property manager,,,https://vscre.com/
Community Preschool,,Vero Beach,Vero Beach,FL,school district facility,,(772) 467-4184,https://childcarecenter.us/provider_detail/community_church_preschool_vero_beach_fl
